USE [MookDB]
GO

INSERT INTO [dbo].[AspNetRoles]
           ([IsDeleted],[Name],[NormalizedName],[ConcurrencyStamp])
     VALUES
           (0,'admin','ADMIN','kldjehfkajsfgicreiucberwvuygerv'),
		    (0,'student','STUDENT','kldjehfkajsfgicreiucberwvuygerv')
GO

SELECT * FROM AspNetRoles

GO

INSERT INTO [dbo].[AspNetUsers]
           ([CreatedDate],[IsActive],[IsDeleted],[UserName],[NormalizedUserName],[Email],[NormalizedEmail],
		   [EmailConfirmed],[PasswordHash],[SecurityStamp],[ConcurrencyStamp],[PhoneNumber],[PhoneNumberConfirmed],[TwoFactorEnabled],[LockoutEnd],[LockoutEnabled],[AccessFailedCount])
     VALUES
           ('1401/0/10',1,0,'amir',   'AMIR',   'amir@hosein.com','AMIR@HOSEIN.COM',1,'cjkhgfkcjgwcwehgrfviurhe','cfhckljavhsdjklgv','cjkwfckjghfasd','09121212112',1,'false','1401/08/12',0,0),
		   ('1401/0/10',1,0,'ali',    'ALI',    'ali@ali.com',    'ALI@ALI.COM',    1,'cjkhgfkcjgwcwehgrfviurhe','cfhckljavhsdjklgv','cjkwfckjghfasd','09399898998',1,'false','1401/08/12',0,0),
		   ('1401/0/10',1,0,'sara',   'SARA',   'ms@sara.com',    'MS@SARA.COM',    1,'cjkhgfkcjgwcwehgrfviurhe','cfhckljavhsdjklgv','cjkwfckjghfasd','09131313113',1,'false','1401/08/12',0,0),
		   ('1401/0/10',1,0,'zahra',  'ZAHRA',  'zahra@zhr.com',  'ZAHRA@ZHR.COM',  1,'cjkhgfkcjgwcwehgrfviurhe','cfhckljavhsdjklgv','cjkwfckjghfasd','09101010100',1,'false','1401/08/12',0,0),
		   ('1401/0/10',1,0,'mahsa',  'MAHSA',  'mah@sa.com',     'MAH@SA.COM',     1,'cjkhgfkcjgwcwehgrfviurhe','cfhckljavhsdjklgv','cjkwfckjghfasd','09181818118',1,'false','1401/08/12',0,0),
		   ('1401/0/10',1,0,'mahdi',  'MAHDI',  'mah@di.com',     'MAH@DI.COM',     1,'cjkhgfkcjgwcwehgrfviurhe','cfhckljavhsdjklgv','cjkwfckjghfasd','09353535335',1,'false','1401/08/12',0,0),
		   ('1401/0/10',1,0,'ehsan',  'EHSAN',  'eh@san.com',     'EH@SAN.COM',     1,'cjkhgfkcjgwcwehgrfviurhe','cfhckljavhsdjklgv','cjkwfckjghfasd','09191919119',1,'false','1401/08/12',0,0),
		   ('1401/0/10',1,0,'hamid',  'HAMID',  'ha@mid.com',     'HA@MID.COM',     1,'cjkhgfkcjgwcwehgrfviurhe','cfhckljavhsdjklgv','cjkwfckjghfasd','09223232332',1,'false','1401/08/12',0,0),
		   ('1401/0/10',1,0,'nargess','NARGESS','nar@ge.ss',      'NAR@GE.SS',      1,'cjkhgfkcjgwcwehgrfviurhe','cfhckljavhsdjklgv','cjkwfckjghfasd','09252626226',1,'false','1401/08/12',0,0),
		   ('1401/0/10',1,0,'farid',  'FARID',  'far@id.com',     'FAR@ID.COM',     1,'cjkhgfkcjgwcwehgrfviurhe','cfhckljavhsdjklgv','cjkwfckjghfasd','09121212778',1,'false','1401/08/12',0,0),
		   ('1401/0/10',1,0,'kiarash','KIARASH','kia@ra.sh',      'KIA@RA.SH',      1,'cjkhgfkcjgwcwehgrfviurhe','cfhckljavhsdjklgv','cjkwfckjghfasd','09134578987',1,'false','1401/08/12',0,0)
GO

SELECT * FROM AspNetUsers

GO
INSERT INTO [dbo].[AspNetUserRoles]
           ([UserId],[RoleId])
     VALUES
           (1,1),(2,1),(3,2),(4,2),(5,2),
		   (6,2),(7,2),(8,2),(9,2),(10,2),(11,2)

GO

SELECT * FROM AspNetUserRoles

GO

INSERT INTO [dbo].[Admins]
           ([AdminName],[userID],[AcceptedAdminID],[CreatedDate],[UpdateDate],[IsDeleted])
     VALUES
           (N'امیر',1,1,'1401/06/17','1401/06/18',0),
		   (N'علی', 2,1,'1401/06/17','1401/06/18',0)


GO

SELECT * FROM Admins

GO

INSERT INTO [dbo].[Students]
           ([StudentName],[StudentSSID],[StudentUniversityID],[SpamCount],[IsSuspended],[IsRegistered]
           ,[IsBlocked],[reportPoint],[IsSpam],[userID],[AcceptedAdminID],[CreatedDate],[UpdateDate],[IsDeleted],[adminID])
     VALUES
           (N'زهرا زهرایی',  N'3516543142787',N'687968047897',2120,0,1,0,0 , 1, 4,  1,'1401/05/01','1401/05/02',0,1),--spam
		   (N'سارا سارایی',  N'6745684586006',N'350468456464',0   ,1,1,0,0 , 0, 3,  1,'1401/05/01','1401/05/02',0,1),--suspend
		   (N'مهسا مهسایی',  N'5435278798799',N'350465746054',0   ,0,0,0,0 , 0, 5,  1,'1401/05/01','1401/05/02',0,1),--registered
		   (N'کیارش کیارشی', N'6354684665468',N'780674198178',0   ,0,0,0,0 , 0, 11, 2,'1401/05/01','1401/05/02',0,1),--registered
		   (N'احسان احسانی', N'3512345123134',N'896768074871',0   ,0,1,1,0 , 0, 7,  2,'1401/05/01','1401/05/02',0,1),--blocked
		   (N'حمید حمیدی',   N'3645486453455',N'897640176534',0   ,0,1,1,0 , 0, 8,  1,'1401/05/01','1401/05/02',0,1),--blocked
		   (N'نرگس نرگسی',   N'8956168123443',N'354678048000',10  ,0,1,0,0 , 1, 9,  2,'1401/05/01','1401/05/02',0,1),--spam
		   (N'فرید فریدی' ,  N'7317864556654',N'874658786656',0   ,0,1,0,25, 0, 10, 2,'1401/05/01','1401/05/02',0,1),--reportpoint
		   (N'مهدی مهدوی' ,  N'5615435315354',N'678018146875',0   ,0,1,0,25, 0, 6 , 2,'1401/05/01','1401/05/02',0,1)--report point
GO

SELECT * FROM Students

GO

INSERT INTO [dbo].[Books]
           ([BookName],[BookPagesCount],[BookRating],[publisher],[Author],[BookRatingCount]
           ,[BookDescription],[IsAvailable],[IsDamaged],[AcceptedAdminID],[CreatedDate],[UpdateDate],[IsDeleted])
     VALUES
		   (N'سیلماریلیون',             125,0,N'فروشگاه آخرین کتاب',                          N'تالکین',          0,N'یکی از مهمترین کتابهای تاریخ بشریت',                         1,0,1,'1401/12/12','1401/01/18',0),
           (N'دروس بی مزه',             328,0,N'دانشکده فنی مهندسی',                          N'جمعی از اساتید', 1200,  N'این کتاب درباره ی دروسی است که اساتید تدریس می کنند',  1,0,1,'1401/12/12','1401/01/18',0),
		   (N'مهندسی نرم افزار',       351,0,N'فروشگاه شهر کتاب',                             N'نوید نویدی',     0,N'از دروس دانشگاهی مخصوص رشته های مهندسی',                     1,0,1,'1401/12/12','1401/01/18',0),
		   (N'فیزیک هالیدی',            789,0,N'کتاب های شهر',                                 N'دیوید هالیدی',   0,N'دروس پایه ی فیزیک عمومی که عموما بچه ها پاس نمیکنند',       1,0,1,'1401/12/12','1401/01/18',0),
		   (N'بیشعوری',                 100,0,N'انتشارات دانشجویان جوان دانشکده فنی مهندسی ',N'خاویر کرمنت',   1200,N'بهتره بخونید شاید براتون مفید شد',                         1,0,1,'1401/12/12','1401/01/18',0),
		   (N'غورباقه ات را قورت بده', 687,0,N'دانشکده فنی مهندسی',                           N'جمعی از اساتید',0,N'حتما نویسنده دلیل خوبی برای این اسم داشته',                  1,0,1,'1401/12/12','1401/01/18',0),
		   (N'میکروکنترلر',             53,0,N'کتاب های شهر',                                  N'محمد فریدونی',  31,N'از مجموعه کتاب های ترکیب جذابیت با کابوس',                   1,0,1,' 1401/12/12','1401/01/18',0),
		   (N'چگونه استاد راهنما شویم',122,0,N'استاد یار',                                    N'ویکتور هوگو',    80,N'مخصوص اساتید',                                                  1,0,1,'1401/12/12','1401/01/18',0),
		   (N'حسن کچل',                  198,0,N'استاد یار',                                    N'چارلز دیکنز',    96,N'کتابی مفید برای مدیران برتر',                                 1,0,1,'1401/12/12',' 1401/01/18',0),
		   (N'سیستم عامل',              212,0,N'کتابهای شرق',                                  N'یوبابا',         360,N'نسخه تک جلدی از مجموعه دروس بی مزه',                          1,0,1,'1401/12/12','1401/01/18',0),
		   (N'Advanced English Grammar', 313,0,N'کتابهای شهر',                                  N'James Mark',      548,N'English grammar advanced lavel of dificulity',                   1,0,1,'1401/12/12',' 1401/01/18',0),
		   (N'وصایای امام',             200,0,N'فروشگاه وصایا',                                N'امام',           10,N'درباره امام و وصایاش',                                          1,0,1,' 1401/12/12','1401/01/18',0),
		   (N'نبرد من',                 600,0,N'شهر کتاب',                                      N'آدولف هیتلر',    0,N'هیتلر و نبردش و قصه هاش و بلاه بلاه',                             1,0,1,'1401/12/12','1401/01/18',0),
		   (N'دنیای خالی از قهرمان',   704,0,N'نشر کتاب',                                      N'براندون مول',    0,N'یک کتاب فانتزی برپایه ی رویا و خیالات و موهومات',              1,0,1,'1401/12/12','1401/01/18',0),
		   (N'در جست و جوی معما',      996,0,N'نشر کتاب',                                      N'سیدنی شلدون',    0,N'یک کتاب پلیسی - تخیلی ',                                         1,0,1,'1401/12/12','1401/01/18',0),
		   (N'هری پاتر',                254,0,N'شهر کتاب',                                      N'رولینگ',         897,N'یه بچه مدرسه ای که قهرمانان منفی داستان رو به راحتی می کشه',1,0,1,'1401/12/12','1401/01/18',0),
		   (N'آشفتگی',                  254,0,N'شهر کتاب',                                      N'توماس برنهارد', 897,N'یکی از جذاب ترین کتابهایی که نمیدونم موضوعش چیه و صرفا برای پر کردن دیتا در دیتابیس آوردم',1,0,1,'2012-04-07','2020-02-21',0)
GO

SELECT * FROM Books

GO

INSERT INTO [dbo].[Comments]
           ([FatherID],[CommentHeader],[CommentContent],[CommentLike],[CommentDislike],[CommentFlag]
		   ,[IsAdminAccepted],[StudentID],[BookID],[AcceptedAdminID],[CreatedDate],[UpdateDate],[IsDeleted])
     VALUES
           (0,N'کتاب عالی',          N'بهترین کتاب دنیا',                                                                        0,0,0,1,3,1,1,'1401/02/25', '1401/03/15',0),
		   (0,N'آشغال به تمام معنا',N'نویسنده ی بی مغز با کتاب احمقانه اش بهتره بره بمیره',                                  0,0,1,1,7,16,1,'1401/02/25','1401/03/15',0),--flagged
		   (0,N'^%#&^%#&%^',          N'بهتره توی مغز نویسنده اش &^$)^&$* &*$*&$',                                               0,0,1,1,3,16,1,'1401/02/25','1401/03/15',1),--flagged, deleted
		   (0,N'به زور',             N'مجبور نبودم نمیخوندمش این چیه اخه',                                                      0,0,1,1,3,10,1,'1401/02/25','1401/03/15',0),--flagged
		   (0,N'مزخرف ترین کتاب دانشگاهی قرن',N'',                                                                               0,0,1,1,7,10,1,'1401/02/25','1401/03/15',0),--flagged
		   (0,N'خسته کننده',         N'نه نتها مطالب جالبی نداشت، بلکه نویسنده گند زده بود به تصورات ما درباره سیستم عامل',0,0,1,1,3,10,1,'1401/02/25','1401/03/15',0),--flagged
		   (0,N'بچه گانه',           N'این کتاب رو یا بچه میخونه یا احمق',                                                      0,0,1,1,3,16,1,'1401/02/25','1401/03/15',0),--flagged
		   (0,N'آشغال',               N'باید نویسنده اش رو از سقف آویزون کرد',                                                  0,0,1,1,7,16,1,'1401/02/25','1401/03/15',1),--flagged, deleted
		   (0,N'گیج کننده',          N'این کتابو کاش میتونستم آتیش بزنم',                                                       0,0,1,1,7,10,1,'1401/02/25','1401/03/15',1),--flagged, deleted
		   (0,N'نویسنده دیوانه',    N'',                                                                                          0,0,1,1,3,16,1,'1401/02/25','1401/03/15',1),--flagged, deleted
		   (0,N'کتاب عالی',          N'بهترین کتاب دنیا',                                                                        0,0,1,1,3,16,1,'1401/02/25','1401/03/15',1),--flagged, deleted
		   (0,N'کتاب عالی',          N'بهترین کتاب دنیا',                                                                        0,0,0,1,3,1,1,'1401/02/25','1401/03/15',0),
		   (0,N'کتاب عالی',          N'بهترین کتاب دنیا',                                                                        0,0,0,1,3,1,1,'1401/02/25','1401/03/15',0),
		   (0,N'کتاب عالی',          N'بهترین کتاب دنیا',                                                                        0,0,0,1,3,1,1,'1401/02/25','1401/03/15',0),
		   (0,N'کتاب عالی',          N'بهترین کتاب دنیا',                                                                        0,0,0,1,3,1,1,'1401/02/25','1401/03/15',0),
		   (0,N'کتاب عالی',          N'بهترین کتاب دنیا',                                                                        0,0,0,1,3,1,1,'1401/02/25','1401/03/15',0),
		   (0,N'کتاب عالی',          N'بهترین کتاب دنیا',                                                                        0,0,0,1,3,1,1,'1401/02/25','1401/03/15',0),
		   (0,N'کتاب عالی',          N'بهترین کتاب دنیا',                                                                        0,0,0,1,3,1,1,'1401/02/25','1401/03/15',0),
		   (0,N'کتاب عالی',          N'بهترین کتاب دنیا',                                                                        0,0,0,1,3,1,1,'1401/02/25','1401/03/15',0)

GO

Select * from Comments

GO

INSERT INTO [dbo].[RequestHeader]
           ([RequestAcceptedDate],[IsAccepted],[RequestFinishedDate]
           ,[RequestDecription],[StudentID],[AcceptedAdminID],[CreatedDate],[UpdateDate],[IsDeleted])
     VALUES
           (null        ,0,null        ,null,1,1,'1401/05/06','1401/05/07',0),--new
		   (null        ,0,null        ,null,2,1,'1401/05/06','1401/05/07',0),--new
		   (null        ,0,null        ,null,3,1,'1401/05/06','1401/05/07',0),--new
		   (null        ,0,null        ,null,4,1,'1401/05/06','1401/05/07',0),--new
		   (null        ,0,null        ,null,5,1,'1401/05/06','1401/05/07',0),--new
		   (null        ,0,null        ,null,6,1,'1401/05/06','1401/05/07',0),--new
		   (null        ,0,null        ,null,7,1,'1401/05/06','1401/05/07',0),--new
		   (null        ,0,null        ,null,8,1,'1401/05/06','1401/05/07',0),--new
		   (null        ,0,null        ,null,9,1,'1401/05/06','1401/05/07',0),--new
		   ('1401/05/07',1,'1401/05/21',null,1,1,'1401/05/06','1401/05/07',0),--delayed
		   ('1401/05/07',1,'1401/05/21',null,2,1,'1401/05/06','1401/05/07',0),--delayed
		   ('1401/05/07',1,'1401/05/21',null,3,1,'1401/05/06','1401/05/07',0),--delayed
		   ('1401/05/07',1,'1401/05/21',null,4,1,'1401/05/06','1401/05/07',0),--delayed
		   ('1401/05/07',1,'1401/05/21',null,5,1,'1401/05/06','1401/05/07',0),--delayed
		   ('1401/05/07',1,'1401/05/21',null,6,1,'1401/05/06','1401/05/07',0),--delayed
		   ('1401/05/07',1,'1401/05/21',null,7,1,'1401/05/06','1401/05/07',0),--delayed
		   ('1401/05/07',1,'1401/05/21',null,8,1,'1401/05/06','1401/05/07',0),--delayed
		   ('1401/05/07',1,'1401/05/21',null,9,1,'1401/05/06','1401/05/07',0),--delayed
		   ('1401/08/07',1,'1401/08/21',null,1,1,'1401/05/06','1401/05/07',0),
		   ('1401/08/07',1,'1401/08/21',null,2,1,'1401/05/06','1401/05/07',0),
		   ('1401/08/07',1,'1401/08/21',null,3,1,'1401/05/06','1401/05/07',0),
		   ('1401/08/07',1,'1401/08/21',null,4,1,'1401/05/06','1401/05/07',0),
		   ('1401/08/07',1,'1401/08/21',null,5,1,'1401/05/06','1401/05/07',0),
		   ('1401/08/07',1,'1401/08/21',null,6,1,'1401/05/06','1401/05/07',0),
		   ('1401/08/07',1,'1401/08/21',null,7,1,'1401/05/06','1401/05/07',0),
		   ('1401/08/07',1,'1401/08/21',null,8,1,'1401/05/06','1401/05/07',0),
		   ('1401/08/07',1,'1401/08/21',null,9,1,'1401/05/06','1401/05/07',0)

GO

SELECT * FROM [RequestHeader] 

GO

INSERT INTO [dbo].[RequestDetails]
           ([RequestDetailDescription]
           ,[IsDamaged]
           ,[IsLost]
           ,[BookID]
           ,[RequestHeaderID]
           ,[AcceptedAdminID]
           ,[CreatedDate]
           ,[UpdateDate]
           ,[IsDeleted])
     VALUES
		   (null,1,0,1 ,1 ,null,'1401/08/07','1401/08/07',0),
		   (null,0,1,2 ,1 ,null,'1401/08/07','1401/08/07',0),
		   (null,0,0,3 ,1 ,null,'1401/08/07','1401/08/07',0),
		   (null,1,0,4 ,2 ,null,'1401/08/07','1401/08/07',0),
		   (null,0,1,5 ,2 ,null,'1401/08/07','1401/08/07',0),
		   (null,0,0,6 ,2 ,null,'1401/08/07','1401/08/07',0),
		   (null,1,0,7 ,3 ,null,'1401/08/07','1401/08/07',0),
		   (null,0,1,8 ,3 ,null,'1401/08/07','1401/08/07',0),
		   (null,0,0,9 ,3 ,null,'1401/08/07','1401/08/07',0),
           (null,1,0,10,4 ,null,'1401/08/07','1401/08/07',0),
		   (null,0,1,11,4 ,null,'1401/08/07','1401/08/07',0),
		   (null,0,0,12,4 ,null,'1401/08/07','1401/08/07',0),
		   (null,1,0,13,5 ,null,'1401/08/07','1401/08/07',0),
		   (null,0,1,14,5 ,null,'1401/08/07','1401/08/07',0),
		   (null,0,0,15,5 ,null,'1401/08/07','1401/08/07',0),
		   (null,1,0,16,6 ,null,'1401/08/07','1401/08/07',0),
		   (null,0,1,17,6 ,null,'1401/08/07','1401/08/07',0),
		   (null,0,0,1 ,6 ,null,'1401/08/07','1401/08/07',0),
		   (null,1,0,2 ,7 ,null,'1401/08/07','1401/08/07',0),
		   (null,0,1,3 ,7 ,null,'1401/08/07','1401/08/07',0),
		   (null,0,0,4 ,7 ,null,'1401/08/07','1401/08/07',0),
		   (null,1,0,5 ,8 ,null,'1401/08/07','1401/08/07',0),
		   (null,0,1,6 ,8 ,null,'1401/08/07','1401/08/07',0),
		   (null,0,0,7 ,8 ,null,'1401/08/07','1401/08/07',0),
		   (null,1,0,8 ,9 ,null,'1401/08/07','1401/08/07',0),
		   (null,0,1,9 ,9 ,null,'1401/08/07','1401/08/07',0),
		   (null,0,0,10,9 ,null,'1401/08/07','1401/08/07',0),
		   (null,1,0,11,10,null,'1401/08/07','1401/08/07',0),
		   (null,0,1,12,10,null,'1401/08/07','1401/08/07',0),
		   (null,0,0,13,10,null,'1401/08/07','1401/08/07',0),
		   (null,1,0,14,11,null,'1401/08/07','1401/08/07',0),
		   (null,0,1,15,11,null,'1401/08/07','1401/08/07',0),
		   (null,0,0,16,11,null,'1401/08/07','1401/08/07',0),
		   (null,1,0,17,12,null,'1401/08/07','1401/08/07',0),
		   (null,0,1,1 ,12,null,'1401/08/07','1401/08/07',0),
		   (null,0,0,2 ,12,null,'1401/08/07','1401/08/07',0),
		   (null,1,0,3 ,13,null,'1401/08/07','1401/08/07',0),
		   (null,0,1,4 ,13,null,'1401/08/07','1401/08/07',0),
           (null,0,0,5 ,13,null,'1401/08/07','1401/08/07',0),
		   (null,1,0,6 ,14,null,'1401/08/07','1401/08/07',0),
		   (null,0,1,7 ,14,null,'1401/08/07','1401/08/07',0),
		   (null,0,0,8 ,14,null,'1401/08/07','1401/08/07',0),
		   (null,1,0,9 ,15,null,'1401/08/07','1401/08/07',0),
		   (null,0,1,10,15,null,'1401/08/07','1401/08/07',0),
		   (null,0,0,11,15,null,'1401/08/07','1401/08/07',0),
		   (null,1,0,12,16,null,'1401/08/07','1401/08/07',0),
		   (null,0,1,13,16,null,'1401/08/07','1401/08/07',0),
		   (null,0,0,14,16,null,'1401/08/07','1401/08/07',0),
		   (null,1,0,15,17,null,'1401/08/07','1401/08/07',0),
		   (null,0,1,16,17,null,'1401/08/07','1401/08/07',0),
		   (null,0,0,17,17,null,'1401/08/07','1401/08/07',0),
		   (null,1,0,1 ,18,null,'1401/08/07','1401/08/07',0),
		   (null,0,1,2 ,18,null,'1401/08/07','1401/08/07',0),
		   (null,0,0,3 ,18,null,'1401/08/07','1401/08/07',0),
		   (null,1,0,4 ,19,null,'1401/08/07','1401/08/07',0),
		   (null,0,1,5 ,19,null,'1401/08/07','1401/08/07',0),
		   (null,0,0,6 ,19,null,'1401/08/07','1401/08/07',0),
		   (null,1,0,7 ,20,null,'1401/08/07','1401/08/07',0),
		   (null,0,1,8 ,20,null,'1401/08/07','1401/08/07',0),
		   (null,0,0,9 ,20,null,'1401/08/07','1401/08/07',0),
		   (null,1,0,10,21,null,'1401/08/07','1401/08/07',0),
		   (null,0,1,11,21,null,'1401/08/07','1401/08/07',0),
		   (null,0,0,12,21,null,'1401/08/07','1401/08/07',0),
		   (null,1,0,13,22,null,'1401/08/07','1401/08/07',0),
		   (null,0,1,14,22,null,'1401/08/07','1401/08/07',0),
           (null,0,0,15,22,null,'1401/08/07','1401/08/07',0),
		   (null,1,0,16,23,null,'1401/08/07','1401/08/07',0),
		   (null,0,1,17,23,null,'1401/08/07','1401/08/07',0),
		   (null,0,0,1 ,23,null,'1401/08/07','1401/08/07',0),
		   (null,1,0,2 ,24,null,'1401/08/07','1401/08/07',0),
		   (null,0,1,3 ,24,null,'1401/08/07','1401/08/07',0),
		   (null,0,0,4 ,24,null,'1401/08/07','1401/08/07',0),
		   (null,1,0,5 ,25,null,'1401/08/07','1401/08/07',0),
		   (null,0,1,6 ,25,null,'1401/08/07','1401/08/07',0),
		   (null,0,0,7 ,25,null,'1401/08/07','1401/08/07',0),
		   (null,1,0,8 ,26,null,'1401/08/07','1401/08/07',0),
		   (null,0,1,9 ,26,null,'1401/08/07','1401/08/07',0),
		   (null,0,0,10,26,null,'1401/08/07','1401/08/07',0),
		   (null,1,0,11,27,null,'1401/08/07','1401/08/07',0),
		   (null,0,1,12,27,null,'1401/08/07','1401/08/07',0),
		   (null,0,0,13,27,null,'1401/08/07','1401/08/07',0)
		   			 
GO					 
					 
SELECT * FROM [RequestDetails]




GO

SELECT * FROM AspNetUsers
SELECT * FROM AspNetRoles
SELECT * FROM Admins
SELECT * FROM Students
SELECT * FROM Books
SELECT * FROM Comments
SELECT * FROM RequestHeader
SELECT * FROM RequestDetails

GO


